{
    "width": 640,
    "height": 480,
    "intrinsic_matrix": [
        385.9825439453125,
        0,
        0,
        0,
        385.6131286621094,
        0,
        319.912109375,
        240.13583374023438,
        1
    ]
}