{
    "width": 1280,
    "height": 720,
    "intrinsic_matrix": [
        642.95458984375,
        0,
        0,
        0,
        642.3391723632812,
        0,
        639.853515625,
        360.2264099121094,
        1
    ]
}